{"flow_id":"192.168.100.1-239.255.255.250-59365-1900-17","src_ip":"192.168.100.1","src_port":59365,"dst_ip":"239.255.255.250","dst_port":0,"protocol":17,"timestamp":"1615613195241.000000","label":"NeedManualLabel","extractFeature":{"flow_duration":64956814,"totalPacketFeature":{"forward":8,"length_of_forward":1060.0,"backward":0,"length_of_backward":0.0},"fwd_packet_length":{"max":133.0,"min":132.0,"mean":132.5,"std":0.5345224838248444},"bwd_packet_length":{"max":0.0,"min":0.0,"mean":0.0,"std":0.0},"flow_bytes_per_second":16.318534341909075,"flow_pkts_per_second":0.12315874975025716,"flow_IAT":{"max":6.1321911E7,"min":254648.0,"mean":9279544.857142856,"std":2.2953773607598826E7},"fwd_IAT":{"max":6.1321911E7,"min":254648.0,"mean":9279544.857142856,"std":2.2953773607598826E7},"fwd_IAT_total":6.4956814E7,"bwd_IAT":{"max":0.0,"min":0.0,"mean":0.0,"std":0.0},"bwd_IAT_total":0.0,"fwd_PSH_flags":0.0,"bwd_PSH_flags":0.0,"fwd_URG_flags":0.0,"bwd_URG_flags":0.0,"fwd_header_length":64.0,"bwd_header_length":0.0,"fwd_packets_per_second":0.12315874975025716,"bwd_packets_per_second":0.0,"packet_lenght":{"max":133.0,"min":132.0,"mean":132.44444444444446,"std":0.5270462766947243},"packet_length_variance":0.2777777777777718,"flagCount":{"fin":0,"syn":0,"rst":0,"psh":0,"ack":0,"ugr":0,"cwr":0,"ece":0},"download_upload_ratio":0.0,"average_packet_size":149.0,"fwd_segment_size_avg":132.5,"bwd_segment_size_avg":0.0,"fwd_bulk":{"bytes_per_bulk":0,"packet_per_bulk":0,"bulk_rate":0},"bwd_bulk":{"bytes_per_bulk":0,"packet_per_bulk":0,"bulk_rate":0},"fwd_subflow":{"subflow_packets":1,"subflow_bytes":132},"bwd_subflow":{"subflow_packets":0,"subflow_bytes":0},"fwd_win_bytes":0,"bwd_win_bytes":0,"fwd_act_data_pkts":7,"fwd_seg_size_min":8,"ActivePacket":{"max":1815395.0,"min":1815395.0,"mean":1815395.0,"std":0.0},"IdlePacket":{"max":1.615613195241026E15,"min":6.1321911E7,"mean":8.078066282814685E14,"std":1.142411002768256E15},"activePacket":{"max":1815395.0,"min":1815395.0,"mean":1815395.0,"std":0.0},"idlePacket":{"max":1.615613195241026E15,"min":6.1321911E7,"mean":8.078066282814685E14,"std":1.142411002768256E15}}}
